BalancedAcc,Accuracy,MacroF1,MacroPrecision,MacroRecall,Kappa,N,Recall_c0,Recall_c1,Recall_c2,AUC_ovr,AUC_c0,AUC_c1,AUC_c2,FatalMiss_c2_to_c0,fold,seed
0.5935503315250151,0.5903083700440529,0.5942799752420326,0.5986317603964664,0.5935503315250151,0.3840879915976193,227,0.5,0.5949367088607594,0.6857142857142857,0.7840795322622626,0.752968508002065,0.7535921997947315,0.845677888989991,0.11428571428571428,0,42
0.5391189002876838,0.5357142857142857,0.5174225919323958,0.5311781325974111,0.5391189002876838,0.30345625930213327,252,0.6041666666666666,0.4044943820224719,0.6086956521739131,0.7556460601026874,0.7697099673202614,0.654511615082374,0.8427165979054269,0.17391304347826086,1,42
0.592275449234212,0.625,0.5748138772547621,0.607037037037037,0.592275449234212,0.41230437128980024,264,0.3392857142857143,0.46846846846846846,0.9690721649484536,0.8043018193426897,0.8351648351648352,0.6979332273449921,0.8798073955182418,0.0,2,42
0.6419539001195652,0.6590909090909091,0.6459209544889788,0.6509803921568628,0.6419539001195652,0.4633273703041145,220,0.5581395348837209,0.6404494382022472,0.7272727272727273,0.8140322246308035,0.8381290237813691,0.7514366583755039,0.8525309917355373,0.022727272727272728,3,42
0.5637991212810562,0.6213991769547325,0.5572681633039689,0.6003148495773863,0.5637991212810562,0.39403138806819715,243,0.22641509433962265,0.6458333333333334,0.8191489361702128,0.8141944722877623,0.8144985104270108,0.7362528344671202,0.8918320719691561,0.0,4,42
0.6150816834361138,0.6123348017621145,0.6114726631393298,0.6211227675043465,0.6150816834361138,0.41793175791835424,227,0.47435897435897434,0.6708860759493671,0.7,0.8033085629596162,0.777663052830838,0.7783954840916866,0.853867151956324,0.08571428571428572,0,43
0.5694797264289204,0.5833333333333334,0.5359771654547774,0.5572104787714544,0.5694797264289204,0.35757987763426247,252,0.625,0.29213483146067415,0.7913043478260869,0.7864722443679187,0.7826797385620915,0.7119321706762253,0.8648048238654394,0.11304347826086956,1,43
0.6342373301136188,0.6477272727272727,0.6221453149211558,0.6335554936724527,0.6342373301136188,0.45444849346724736,264,0.5,0.4954954954954955,0.9072164948453608,0.8356586744551852,0.8373111263736264,0.76288052758641,0.9067843694055189,0.0,2,43
0.5795434749903002,0.6318181818181818,0.5822686551969866,0.5904882154882155,0.5795434749903002,0.4143167028199567,220,0.32558139534883723,0.651685393258427,0.7613636363636364,0.7960082972342319,0.7868873998160557,0.7252766103439404,0.8758608815426997,0.045454545454545456,3,43
0.6589750880949196,0.6502057613168725,0.6275226111881683,0.6524929971988795,0.6589750880949196,0.4722924810301219,243,0.6981132075471698,0.3958333333333333,0.8829787234042553,0.8262672622080004,0.8381330685203575,0.7433390022675737,0.8973297158360702,0.05319148936170213,4,43
0.5802970587780715,0.5770925110132159,0.5753738067964872,0.6041556962926066,0.5802970587780715,0.3633282692532429,227,0.358974358974359,0.6962025316455697,0.6857142857142857,0.775863411580712,0.7719841679573224,0.7277625726992816,0.8278434940855323,0.07142857142857142,0,44
0.5714941920425555,0.5952380952380952,0.5658652989189518,0.5625,0.5714941920425555,0.3647058823529412,252,0.5208333333333334,0.47191011235955055,0.7217391304347827,0.78351567682908,0.7946282679738562,0.6887020059281727,0.867216756585211,0.043478260869565216,1,44
0.5921372403331167,0.6212121212121212,0.5874242424242424,0.6312850305125587,0.5921372403331167,0.4020926756352765,264,0.375,0.5045045045045045,0.8969072164948454,0.802400222607725,0.8079498626373627,0.7139492433610081,0.885301561824804,0.0,2,44
0.6476985691775344,0.6318181818181818,0.6161483778278575,0.6233804585201099,0.6476985691775344,0.44617105917454003,220,0.7209302325581395,0.449438202247191,0.7727272727272727,0.8048891678573055,0.8252529234003416,0.7293078308602796,0.8601067493112948,0.056818181818181816,3,44
0.6589165440028547,0.6707818930041153,0.6583413068849961,0.659994237971766,0.6589165440028547,0.48948239186953435,243,0.5849056603773585,0.5833333333333334,0.8085106382978723,0.8305038539131967,0.8590863952333665,0.7382369614512472,0.8941882050549764,0.010638297872340425,4,44
0.5787221217600965,0.5770925110132159,0.5834836573191406,0.5950908150338698,0.5787221217600965,0.3628070175438597,227,0.5,0.6075949367088608,0.6285714285714286,0.7691912970166176,0.7311994493202547,0.7601778994184057,0.816196542311192,0.15714285714285714,0,45
0.561836427291972,0.5674603174603174,0.5481064532401037,0.5560785504605729,0.561836427291972,0.3428079242032731,252,0.5625,0.5056179775280899,0.6173913043478261,0.747001069075536,0.7461192810457516,0.6689873854001517,0.8258965407807045,0.14782608695652175,1,45
0.6315522075831353,0.6477272727272727,0.6309005083514888,0.6322407084089327,0.6315522075831353,0.4513519553072626,264,0.5178571428571429,0.6036036036036037,0.7731958762886598,0.8325235617994796,0.8374828296703296,0.7630571748218806,0.8970306809062288,0.0,2,45
0.661634637464269,0.6681818181818182,0.6484241831272763,0.6479114452798663,0.661634637464269,0.49279939363314806,220,0.627906976744186,0.5842696629213483,0.7727272727272727,0.8303805975277712,0.8365523584285902,0.7741658804357149,0.8804235537190083,0.11363636363636363,3,45
0.6455350372451938,0.6584362139917695,0.639471956852632,0.6382433693189391,0.6455350372451938,0.476727895392279,243,0.5660377358490566,0.5833333333333334,0.7872340425531915,0.8113124589560643,0.8027805362462761,0.7643140589569161,0.8668427816650007,0.09574468085106383,4,45
0.578312545401153,0.5682819383259912,0.559867849069727,0.5747780666619821,0.578312545401153,0.35734920268084125,227,0.47435897435897434,0.4177215189873418,0.8428571428571429,0.7974278262982771,0.7931509206676992,0.7358022579541568,0.8633303002729754,0.07142857142857142,0,46
0.5928506486457147,0.5753968253968254,0.5464084934673169,0.555441618813235,0.5928506486457147,0.3594032120117837,252,0.7708333333333334,0.30337078651685395,0.7043478260869566,0.7902750689203805,0.8108660130718954,0.7012476735369132,0.8587115201523325,0.13043478260869565,1,46
0.6693219360745134,0.6931818181818182,0.6718855617505867,0.678858717524213,0.6693219360745134,0.5193418597855649,264,0.5178571428571429,0.6756756756756757,0.8144329896907216,0.8140539383363015,0.793956043956044,0.7687687687687687,0.8794370022840916,0.010309278350515464,2,46
0.618477365766365,0.5818181818181818,0.5594488356506845,0.6299082861582862,0.618477365766365,0.38855658268382565,220,0.7906976744186046,0.30337078651685395,0.7613636363636364,0.8244342929775387,0.8341873603994219,0.7914915515910455,0.8476239669421488,0.19318181818181818,3,46
0.643520841696775,0.6625514403292181,0.6414907182618504,0.6413509629529047,0.643520841696775,0.477871236538008,243,0.5283018867924528,0.59375,0.8085106382978723,0.8405186297196007,0.8516385302879841,0.7654478458049886,0.9044695130658289,0.06382978723404255,4,46
